Date,Comomentum
1992-12-25,0.02282920560474027
1993-01-01,0.018051024615851556
1993-01-08,0.0134990981907823
1993-01-15,0.021015496387346212
1993-01-22,0.024004046031281038
1993-01-29,0.02258015466115889
1993-02-05,0.013991473695006727
1993-02-12,0.036589207815038216
1993-02-19,0.049944532478816694
1993-02-26,0.038036491387920555
1993-03-05,0.03410159914321905
1993-03-12,0.03683035045820257
1993-03-19,0.04448215275270776
1993-03-26,0.036399358322790454
1993-04-02,0.05009191148481009
1993-04-09,0.03168161882239055
1993-04-16,0.0402626915932017
1993-04-23,0.054974608837561965
1993-04-30,0.0573064708820856
1993-05-07,0.07466095148305249
1993-05-14,0.05973199175249919
1993-05-21,0.05422984446719015
1993-05-28,0.07289464140424501
1993-06-04,0.07308778578390238
1993-06-11,0.0644618650313705
1993-06-18,0.08669459064696769
1993-06-25,0.06802510793673185
1993-07-02,0.050200360501708514
1993-07-09,0.0543194966416761
1993-07-16,0.049149825968745495
1993-07-23,0.0734176730370017
1993-07-30,0.05749553737840063
1993-08-06,0.047965212795405235
1993-08-13,0.048557686165313196
1993-08-20,0.045612274596583735
1993-08-27,0.057679470071844874
1993-09-03,0.0750454163260165
1993-09-10,0.07994887583869192
1993-09-17,0.08156918659117898
1993-09-24,0.05334935429591908
1993-10-01,0.052322651301002346
1993-10-08,0.05143869464634865
1993-10-15,0.051836197459946554
1993-10-22,0.05323053378485036
1993-10-29,0.05071397126817369
1993-11-05,0.05970465317126735
1993-11-12,0.061840477544675566
1993-11-19,0.052628816692377005
1993-11-26,0.04880696474885561
1993-12-03,0.04580787708865625
1993-12-10,0.051817054594252426
1993-12-17,0.029350626020304964
1993-12-24,0.02940378990344494
1993-12-31,0.035095221791051
1994-01-07,0.05058250883369554
1994-01-14,0.05892311273500231
1994-01-21,0.03675500785043281
1994-01-28,0.03723794298356736
1994-02-04,0.027287623435319285
1994-02-11,0.032458736948487214
1994-02-18,0.030685569013391888
1994-02-25,0.02474423721094797
1994-03-04,0.028229464625180743
1994-03-11,0.017263953271440608
1994-03-18,0.025754824442093545
1994-03-25,0.036951887776809925
1994-04-01,0.027511168611409488
1994-04-08,0.024747786918769582
1994-04-15,0.020170809892697577
1994-04-22,0.017665849599818442
1994-04-29,0.029977423211730858
1994-05-06,0.02035949089273937
1994-05-13,0.029023830469337472
1994-05-20,0.02396824024299843
1994-05-27,0.02138428001515024
1994-06-03,0.021524368466713267
1994-06-10,0.032325784725848225
1994-06-17,0.030671110995545404
1994-06-24,0.027232571289689762
1994-07-01,0.021362899166321475
1994-07-08,0.03644128784575951
1994-07-15,0.038548214168743135
1994-07-22,0.04732172394733805
1994-07-29,0.03325668026421391
1994-08-05,0.024272388446646885
1994-08-12,0.018612139523609666
1994-08-19,0.02385027070946029
1994-08-26,0.022577636387043677
1994-09-02,0.03230731110681675
1994-09-09,0.027008718186963612
1994-09-16,0.042273007636652885
1994-09-23,0.02728374633078689
1994-09-30,0.02725682345335819
1994-10-07,0.027316327697462357
1994-10-14,0.012287444039963211
1994-10-21,0.015300780304404652
1994-10-28,0.00926962745177099
1994-11-04,0.023583544407397863
1994-11-11,0.015764078373386295
1994-11-18,0.015756926918175814
1994-11-25,0.015957494203840128
1994-12-02,0.022301779787895826
1994-12-09,0.02157909528159039
1994-12-16,0.03292163171066634
1994-12-23,0.029038924049375407
1994-12-30,0.039922366697086854
1995-01-06,0.03943758825363823
1995-01-13,0.024839308180203072
1995-01-20,0.01372824971114762
1995-01-27,0.019324198098613524
1995-02-03,0.018689408169945052
1995-02-10,0.013268866240090906
1995-02-17,0.017084872808102176
1995-02-24,0.02014816489013606
1995-03-03,0.023236883450291027
1995-03-10,0.02904354262197669
1995-03-17,0.04058289936754831
1995-03-24,0.030696866424238224
1995-03-31,0.03549625457079267
1995-04-07,0.04618442951416374
1995-04-14,0.040571885886387354
1995-04-21,0.03747905451813267
1995-04-28,0.021638952104071345
1995-05-05,0.032769076714497816
1995-05-12,0.03878698286986184
1995-05-19,0.05673525668260363
1995-05-26,0.07836139748725593
1995-06-02,0.0749275432457788
1995-06-09,0.06749871238431607
1995-06-16,0.07766635083404626
1995-06-23,0.06739255112318973
1995-06-30,0.07774815599284127
1995-07-07,0.09459558815632396
1995-07-14,0.07029372074695946
1995-07-21,0.08016701449046694
1995-07-28,0.08163781087847838
1995-08-04,0.08400095612628945
1995-08-11,0.102997187583176
1995-08-18,0.09702187900546999
1995-08-25,0.0801167853306677
1995-09-01,0.08145552488923227
1995-09-08,0.08630308085894255
1995-09-15,0.1183520552113805
1995-09-22,0.0996612946903409
1995-09-29,0.07999567044585508
1995-10-06,0.09223417914954242
1995-10-13,0.07765096370669188
1995-10-20,0.06927500644380305
1995-10-27,0.06485155062398862
1995-11-03,0.055643505673778695
1995-11-10,0.061092689199351735
1995-11-17,0.07960626328375103
1995-11-24,0.0892335648468998
1995-12-01,0.06571757601224588
1995-12-08,0.07566777160283017
1995-12-15,0.07062386747711377
1995-12-22,0.058147243330009715
1995-12-29,0.05440106407029949
1996-01-05,0.07296862176437492
1996-01-12,0.044780285680796623
1996-01-19,0.06704304987364179
1996-01-26,0.05556273687282928
1996-02-02,0.046028730153840416
1996-02-09,0.04628321246555492
1996-02-16,0.06784586124610033
1996-02-23,0.05940384788491096
1996-03-01,0.06224800090049826
1996-03-08,0.071943389421865
1996-03-15,0.06665133883742677
1996-03-22,0.0645997317260524
1996-03-29,0.05898888724724975
1996-04-05,0.04309271325592016
1996-04-12,0.037973323654880105
1996-04-19,0.05219155492283785
1996-04-26,0.05760732964779445
1996-05-03,0.047510595819931514
1996-05-10,0.03542240947775259
1996-05-17,0.04548463594608811
1996-05-24,0.040974403083639144
1996-05-31,0.032345725585641416
1996-06-07,0.04896810590466856
1996-06-14,0.0494197156199528
1996-06-21,0.052126901113136365
1996-06-28,0.04241403416992834
1996-07-05,0.04009119592480355
1996-07-12,0.04954374682945174
1996-07-19,0.05127859203315634
1996-07-26,0.06872957677725855
1996-08-02,0.06462224616336999
1996-08-09,0.06343028664161651
1996-08-16,0.05830452854380971
1996-08-23,0.04197158338958919
1996-08-30,0.04831259641142788
1996-09-06,0.02845440468934629
1996-09-13,0.026443234663418358
1996-09-20,0.03017160574480029
1996-09-27,0.03460279441026799
1996-10-04,0.048516108035994474
1996-10-11,0.04164688400939598
1996-10-18,0.03860994064132227
1996-10-25,0.04135194683452503
1996-11-01,0.04434964846486527
1996-11-08,0.04107704355116646
1996-11-15,0.041367155379577976
1996-11-22,0.044199388514942914
1996-11-29,0.044294683998796484
1996-12-06,0.050821787247281563
1996-12-13,0.04486427327366764
1996-12-20,0.03152745664218619
1996-12-27,0.038521867322100306
1997-01-03,0.02827304695855655
1997-01-10,0.03099674291395231
1997-01-17,0.03183312180917913
1997-01-24,0.036573755238894
1997-01-31,0.026356063483425698
1997-02-07,0.032999714839182695
1997-02-14,0.03118544077671115
1997-02-21,0.029977910504382206
1997-02-28,0.025971028433285512
1997-03-07,0.03147655238573329
1997-03-14,0.02306114895916512
1997-03-21,0.020242590939456174
1997-03-28,0.01802336701339448
1997-04-04,0.020702194545632442
1997-04-11,0.014672755796626833
1997-04-18,0.021172028292092592
1997-04-25,0.022877819188818094
1997-05-02,0.02635158784946642
1997-05-09,0.026800997029858567
1997-05-16,0.025206056309546254
1997-05-23,0.029928720646583543
1997-05-30,0.049446539220226154
1997-06-06,0.039068106958492936
1997-06-13,0.046636560436078583
1997-06-20,0.04130785359644419
1997-06-27,0.030322756799963494
1997-07-04,0.02376652063571067
1997-07-11,0.011515066887788765
1997-07-18,0.01783501197738032
1997-07-25,0.0218165488305399
1997-08-01,0.01617182322624358
1997-08-08,0.021876844323264956
1997-08-15,0.0274182876513022
1997-08-22,0.02842262243144724
1997-08-29,0.025066422063694683
1997-09-05,0.03155452597569261
1997-09-12,0.020199397551472723
1997-09-19,0.022683795392673067
1997-09-26,0.025698636062875785
1997-10-03,0.025245113649520708
1997-10-10,0.02249461428136188
1997-10-17,0.029893269901599365
1997-10-24,0.019800516255776425
1997-10-31,0.020682154471232502
1997-11-07,0.03141543424606465
1997-11-14,0.029489746187733548
1997-11-21,0.03391048398245345
1997-11-28,0.029194066487161878
1997-12-05,0.03139053846609964
1997-12-12,0.018939880763216448
1997-12-19,0.02143123066693247
1997-12-26,0.02173278712864725
1998-01-02,0.029048576909942076
1998-01-09,0.03797532267640489
1998-01-16,0.028690266551421158
1998-01-23,0.030483645143666704
1998-01-30,0.03341381226047227
1998-02-06,0.02076006147883327
1998-02-13,0.02539303331415131
1998-02-20,0.0218539542401473
1998-02-27,0.019744947985227926
1998-03-06,0.022574961745838538
1998-03-13,0.013421593391926084
1998-03-20,0.019542690730027304
1998-03-27,0.018832964802221935
1998-04-03,0.018281094087766223
1998-04-10,0.020959968570413497
1998-04-17,0.01743339719454817
1998-04-24,0.01564510379727714
1998-05-01,0.014275606848934235
1998-05-08,0.010510632636281513
1998-05-15,0.012070610261515291
1998-05-22,0.014003815888474092
1998-05-29,0.01289268466519567
1998-06-05,0.006241627284387608
1998-06-12,0.013561733741653717
1998-06-19,0.012983591858153412
1998-06-26,0.018751400439375544
1998-07-03,0.016144315032259268
1998-07-10,0.021342705328318
1998-07-17,0.025715535093298506
1998-07-24,0.028030002907191612
1998-07-31,0.02585427079702644
1998-08-07,0.03739509500442651
1998-08-14,0.036571923984117474
1998-08-21,0.03508173404780678
1998-08-28,0.030982123349411868
1998-09-04,0.04084827758172265
1998-09-11,0.04417633706524652
1998-09-18,0.04338341961939744
1998-09-25,0.051805276779399216
1998-10-02,0.026408628040875133
1998-10-09,0.03610283815605733
1998-10-16,0.04313636210931798
1998-10-23,0.04658913575600215
1998-10-30,0.03957430339132295
1998-11-06,0.04004706948144393
1998-11-13,0.030122289370831015
1998-11-20,0.030361727420129776
1998-11-27,0.028983504274641372
1998-12-04,0.031226646973240117
1998-12-11,0.026429463363710805
1998-12-18,0.033452234939048545
1998-12-25,0.029498617112089665
1999-01-01,0.03860858897856885
1999-01-08,0.04406207242495068
1999-01-15,0.04137919043982075
1999-01-22,0.045490979979945674
1999-01-29,0.05146845546038443
1999-02-05,0.053621036250604805
1999-02-12,0.057741106865684386
1999-02-19,0.06091753743173481
1999-02-26,0.0720785219757227
1999-03-05,0.05885204102150568
1999-03-12,0.06124638447026573
1999-03-19,0.0640248352133062
1999-03-26,0.06395101679307535
1999-04-02,0.058653001535437364
1999-04-09,0.04420424266962383
1999-04-16,0.04667395622518443
1999-04-23,0.041666724512047296
1999-04-30,0.048992002835225576
1999-05-07,0.041572847980236076
1999-05-14,0.028884365418228898
1999-05-21,0.025662742308717942
1999-05-28,0.031515622842780276
1999-06-04,0.029054941039538977
1999-06-11,0.029055494280273687
1999-06-18,0.024934894607923034
1999-06-25,0.02892121818860898
1999-07-02,0.030189361852473555
1999-07-09,0.023551108721313024
1999-07-16,0.028498632034885986
1999-07-23,0.02845850341958555
1999-07-30,0.03661061653469566
1999-08-06,0.03614038674966867
1999-08-13,0.034674021663785755
1999-08-20,0.034292248029658995
1999-08-27,0.032025078207538
1999-09-03,0.03926099467391278
1999-09-10,0.04250866395624405
1999-09-17,0.0417704041970191
1999-09-24,0.0356321326640095
1999-10-01,0.03421423697648217
1999-10-08,0.0347814089307216
1999-10-15,0.02870992565749939
1999-10-22,0.03250691712371387
1999-10-29,0.028854330260832225
1999-11-05,0.02322422474317555
1999-11-12,0.029467107097148393
1999-11-19,0.027769449818848345
1999-11-26,0.02846324935201808
1999-12-03,0.03474575913308399
1999-12-10,0.029445252420762714
1999-12-17,0.027613814805702762
1999-12-24,0.029345005027633625
1999-12-31,0.03298662885198021
2000-01-07,0.03382245815665447
2000-01-14,0.03350132859936206
2000-01-21,0.03325520660685283
2000-01-28,0.03676449736903406
2000-02-04,0.030113353350911885
2000-02-11,0.033802976020268785
2000-02-18,0.04084136338454125
2000-02-25,0.0400090775644365
2000-03-03,0.04572356261457998
2000-03-10,0.05136943854557455
2000-03-17,0.058271896519857855
2000-03-24,0.06222029467191836
2000-03-31,0.06669623886605583
2000-04-07,0.06226371750289171
2000-04-14,0.051579708624060513
2000-04-21,0.049011556895780906
2000-04-28,0.04548801801412388
2000-05-05,0.05486301983379534
2000-05-12,0.05043515434410745
2000-05-19,0.05626732454925182
2000-05-26,0.0647161535567171
2000-06-02,0.0572731836501037
2000-06-09,0.0507983090576538
2000-06-16,0.05087158094097585
2000-06-23,0.04649929945688684
2000-06-30,0.05871525685059766
2000-07-07,0.057877352389877165
2000-07-14,0.05381933837193603
2000-07-21,0.06301405132875572
2000-07-28,0.06355040931042094
2000-08-04,0.051412995529526634
2000-08-11,0.043614655625933696
2000-08-18,0.040229459910324686
2000-08-25,0.04221012811653618
2000-09-01,0.04200289204801354
2000-09-08,0.040451085549978755
2000-09-15,0.04438395044592418
2000-09-22,0.04441848173148259
2000-09-29,0.03852661116384683
2000-10-06,0.03479763702378895
2000-10-13,0.031331022828125825
2000-10-20,0.038018984778032144
2000-10-27,0.04397459412866591
2000-11-03,0.050450561079904976
2000-11-10,0.05373356590081692
2000-11-17,0.048413145752161865
2000-11-24,0.044301453331790724
2000-12-01,0.041927952721922665
2000-12-08,0.03877497452400813
2000-12-15,0.03629962095498607
2000-12-22,0.03408969323419053
2000-12-29,0.0358602485463222
2001-01-05,0.06750824946049253
2001-01-12,0.06712722603240255
2001-01-19,0.05898165195361421
2001-01-26,0.06193398725768524
2001-02-02,0.054548611975261396
2001-02-09,0.05575961875516104
2001-02-16,0.05124476135775145
2001-02-23,0.0645808984169841
2001-03-02,0.06139495245899388
2001-03-09,0.06769180229027968
2001-03-16,0.06199151191210983
2001-03-23,0.0566331216160947
2001-03-30,0.06722272082496872
2001-04-06,0.060155669130460374
2001-04-13,0.0625811778556455
2001-04-20,0.056521309099717816
2001-04-27,0.05019922738763781
2001-05-04,0.06493456845328363
2001-05-11,0.05731841096063091
2001-05-18,0.04468543984977971
2001-05-25,0.04634924184753335
2001-06-01,0.039045139436449064
2001-06-08,0.03845027974869769
2001-06-15,0.04989482066842813
2001-06-22,0.053820036464988924
2001-06-29,0.05851365845496894
2001-07-06,0.055598530688627724
2001-07-13,0.05910935286585603
2001-07-20,0.06625283009366806
2001-07-27,0.04890063946801625
2001-08-03,0.05755915923199556
2001-08-10,0.05133610104192936
2001-08-17,0.0585664289473512
2001-08-24,0.0573554591490469
2001-08-31,0.05966002546774785
2001-09-07,0.054866800427560744
2001-09-14,0.06447273196488078
2001-09-21,0.0634226075379185
2001-09-28,0.05680608785937302
2001-10-05,0.05060746077305349
2001-10-12,0.058546012450687995
2001-10-19,0.06699977528691187
2001-10-26,0.07548875284220583
2001-11-02,0.05464981309867042
2001-11-09,0.05649983542044
2001-11-16,0.06578574463406328
2001-11-23,0.05837524553069009
2001-11-30,0.05549289989872081
2001-12-07,0.04501800586410379
2001-12-14,0.04526154907190888
2001-12-21,0.048730086230784134
2001-12-28,0.047021604622043064
2002-01-04,0.0423149889759207
2002-01-11,0.04687063818606778
2002-01-18,0.04678193564886896
2002-01-25,0.04304832481479859
2002-02-01,0.05622495598013922
2002-02-08,0.07110424492675421
2002-02-15,0.0690813205620217
2002-02-22,0.05071548755890387
2002-03-01,0.05525026346602368
2002-03-08,0.061801113451057904
2002-03-15,0.06330050574865645
2002-03-22,0.0800376109954095
2002-03-29,0.07239674103857974
2002-04-05,0.05834251893011658
2002-04-12,0.05988634529689375
2002-04-19,0.05971201915818236
2002-04-26,0.06679766826286196
2002-05-03,0.055015351656853576
2002-05-10,0.06250902682423362
2002-05-17,0.0474122861702678
2002-05-24,0.06425872883022986
2002-05-31,0.06925358359012836
2002-06-07,0.058305951315155036
2002-06-14,0.05093332551858137
2002-06-21,0.04496595195381205
2002-06-28,0.05641345708755613
2002-07-05,0.07082943213466739
2002-07-12,0.07078861819238107
2002-07-19,0.09168483849496314
2002-07-26,0.0963320678500508
2002-08-02,0.0877531837647291
2002-08-09,0.07240374242802239
2002-08-16,0.05131866897600382
2002-08-23,0.07628368101385041
2002-08-30,0.0653058161629434
2002-09-06,0.06947018371332737
2002-09-13,0.0733034603883651
2002-09-20,0.06573226112744028
2002-09-27,0.0771846828402395
2002-10-04,0.08367412438376058
2002-10-11,0.08339696310798653
2002-10-18,0.10581521152671394
2002-10-25,0.10225662202699246
2002-11-01,0.09809872184937715
2002-11-08,0.1075076479142453
2002-11-15,0.10089800704397432
2002-11-22,0.0914159548333106
2002-11-29,0.08710248864834244
2002-12-06,0.09513852665025918
2002-12-13,0.09341742940877945
2002-12-20,0.06165750836603044
2002-12-27,0.057933111061242534
2003-01-03,0.06209649957190819
2003-01-10,0.07208520663521255
2003-01-17,0.06298491123337316
2003-01-24,0.04752225144645485
2003-01-31,0.05141631943512276
2003-02-07,0.05702194837167193
2003-02-14,0.06071809044684768
2003-02-21,0.0621744690483812
2003-02-28,0.06859492575289555
2003-03-07,0.05489534628499655
2003-03-14,0.043922264256238165
2003-03-21,0.04917798009376226
2003-03-28,0.038386164836350274
2003-04-04,0.039315203502858664
2003-04-11,0.03735122421219748
2003-04-18,0.03946168001624838
2003-04-25,0.0400136911897009
2003-05-02,0.039800214784522385
2003-05-09,0.035422309988501106
2003-05-16,0.035892317527640515
2003-05-23,0.043217087244829075
2003-05-30,0.04144186887518492
2003-06-06,0.0431792839659982
2003-06-13,0.035054492602131476
2003-06-20,0.03406004102279165
2003-06-27,0.05591833544365349
2003-07-04,0.053900783865565606
2003-07-11,0.056648750431999406
2003-07-18,0.05334860591243497
2003-07-25,0.03860231339769997
2003-08-01,0.050529953969354585
2003-08-08,0.05068446573795274
2003-08-15,0.04508862806726771
2003-08-22,0.04791303578019876
2003-08-29,0.04825775665662352
2003-09-05,0.05125813928457795
2003-09-12,0.056869529440812396
2003-09-19,0.06365493139950339
2003-09-26,0.04749629024122971
2003-10-03,0.043992669989111804
2003-10-10,0.035739892288708025
2003-10-17,0.03595804088337406
2003-10-24,0.018559581815666498
2003-10-31,0.023649484464065184
2003-11-07,0.032826375040103856
2003-11-14,0.04241727348682963
2003-11-21,0.04050761609135549
2003-11-28,0.043293359989060906
2003-12-05,0.04814370043266945
2003-12-12,0.037573979246084646
2003-12-19,0.04598472138333673
2003-12-26,0.047523340852551554
2004-01-02,0.03953169289459521
2004-01-09,0.03398065186012853
2004-01-16,0.027702911382484464
2004-01-23,0.03196348084038728
2004-01-30,0.032698732140297344
2004-02-06,0.04164572857314687
2004-02-13,0.03746828063181022
2004-02-20,0.02792009714483712
2004-02-27,0.028226453025145246
2004-03-05,0.027837272864883113
2004-03-12,0.0318105540610929
2004-03-19,0.028255357146773588
2004-03-26,0.024199239629262896
2004-04-02,0.024457297589505163
2004-04-09,0.02134515902950584
2004-04-16,0.02923351236001826
2004-04-23,0.032814145208317595
2004-04-30,0.02478028652851654
2004-05-07,0.023982409362652994
2004-05-14,0.018623824313167087
2004-05-21,0.018301481160466263
2004-05-28,0.018408109938801803
2004-06-04,0.016028397192677766
2004-06-11,0.016367341560289787
2004-06-18,0.014618196953023261
2004-06-25,0.01115049888172025
2004-07-02,0.010776939631754311
2004-07-09,0.009024485270512514
2004-07-16,0.012740542818585611
2004-07-23,0.019072462145110863
2004-07-30,0.026659002809069878
2004-08-06,0.032711420838233335
2004-08-13,0.038904849453606775
2004-08-20,0.042829085322885846
2004-08-27,0.039361910036838685
2004-09-03,0.0344961019340352
2004-09-10,0.044254112887414834
2004-09-17,0.04256919206330716
2004-09-24,0.04453960102651737
2004-10-01,0.05592079806439326
2004-10-08,0.052096843492612524
2004-10-15,0.051978481895573705
2004-10-22,0.06356842226473945
2004-10-29,0.06749562561593025
2004-11-05,0.05224365023714435
2004-11-12,0.04399144592834718
2004-11-19,0.03500420049370107
2004-11-26,0.0267391269723611
2004-12-03,0.034725790877265045
2004-12-10,0.04802839902750236
2004-12-17,0.051875861113051855
2004-12-24,0.04523957026164281
2004-12-31,0.040374302175415905
2005-01-07,0.03562973909955035
2005-01-14,0.030106236363963923
2005-01-21,0.034284819351302176
2005-01-28,0.03165465594741426
2005-02-04,0.03156603229543819
2005-02-11,0.03548696106221985
2005-02-18,0.03441546545136422
2005-02-25,0.04194864848086273
2005-03-04,0.045662488084332986
2005-03-11,0.04717607282999996
2005-03-18,0.03845503995399825
2005-03-25,0.05344245609756967
2005-04-01,0.03922777993751062
2005-04-08,0.03763477757986852
2005-04-15,0.0365955563867363
2005-04-22,0.03863028343728424
2005-04-29,0.0576344098841214
2005-05-06,0.04416278384595731
2005-05-13,0.04461090192078773
2005-05-20,0.04252931031371629
2005-05-27,0.03282515865274479
2005-06-03,0.02783421180944435
2005-06-10,0.024601334374413426
2005-06-17,0.02029326114238908
2005-06-24,0.024658303790051725
2005-07-01,0.024421741924378525
2005-07-08,0.027227545039108146
2005-07-15,0.028159571406780125
2005-07-22,0.03257166070407488
2005-07-29,0.03598710118879548
2005-08-05,0.027929247105825505
2005-08-12,0.02084891252064455
2005-08-19,0.024433038837317775
2005-08-26,0.022573494209078806
2005-09-02,0.0234071982057728
2005-09-09,0.022266037013878526
2005-09-16,0.022402421413053722
2005-09-23,0.018177857464878894
2005-09-30,0.03095210842009729
2005-10-07,0.038231476050242665
2005-10-14,0.038415087951797926
2005-10-21,0.04273400832629011
2005-10-28,0.04095165022083136
2005-11-04,0.042132434993333995
2005-11-11,0.04961189191492235
2005-11-18,0.03253644711448988
2005-11-25,0.0455766043307391
2005-12-02,0.04011350277539096
2005-12-09,0.03148801908566472
2005-12-16,0.02945714011407588
2005-12-23,0.026833206557974297
2005-12-30,0.02506558330884459
2006-01-06,0.02694243584664732
2006-01-13,0.02353714504549246
2006-01-20,0.020858892237160413
2006-01-27,0.016048861613788372
2006-02-03,0.020338067564398175
2006-02-10,0.026724057510142965
2006-02-17,0.029122549961910354
2006-02-24,0.027952408019552708
2006-03-03,0.021819679951128143
2006-03-10,0.022716610934105125
2006-03-17,0.025851735520106778
2006-03-24,0.02022166852736774
2006-03-31,0.02585645104989172
2006-04-07,0.017308137754416628
2006-04-14,0.02204089067894697
2006-04-21,0.026803202083775388
2006-04-28,0.025964929246317624
2006-05-05,0.02854349294381442
2006-05-12,0.02980577588343348
2006-05-19,0.036158169857576646
2006-05-26,0.03542491339170867
2006-06-02,0.04170811946438494
2006-06-09,0.04276072027599151
2006-06-16,0.031130974186327216
2006-06-23,0.027653125487957855
2006-06-30,0.02584137542558219
2006-07-07,0.019794304244339825
2006-07-14,0.019592742131341587
2006-07-21,0.027838280380202106
2006-07-28,0.03464232421477777
2006-08-04,0.031098882098778768
2006-08-11,0.03032971488212574
2006-08-18,0.029741918965316746
2006-08-25,0.025989457821048844
2006-09-01,0.02941790856035452
2006-09-08,0.029758159637110152
2006-09-15,0.02600435035599131
2006-09-22,0.03274350645837066
2006-09-29,0.026838585700327405
2006-10-06,0.0270393213234226
2006-10-13,0.017864870859189416
2006-10-20,0.01835291433805329
2006-10-27,0.01953636758663043
2006-11-03,0.019797652599759366
2006-11-10,0.020820356269183292
2006-11-17,0.023565641396652105
2006-11-24,0.020348032448506106
2006-12-01,0.02062727645100154
2006-12-08,0.019744101172993606
2006-12-15,0.0214310643643924
2006-12-22,0.022910188961381785
2006-12-29,0.019153835956429943
2007-01-05,0.018077062825776705
2007-01-12,0.017376960107232886
2007-01-19,0.01667015440013167
2007-01-26,0.016303581507421824
2007-02-02,0.015888177176983202
2007-02-09,0.02195081654050666
2007-02-16,0.019253423303525467
2007-02-23,0.021101894164279884
2007-03-02,0.016714970786933427
2007-03-09,0.022965841306387146
2007-03-16,0.02042705370528946
2007-03-23,0.024176915279190584
2007-03-30,0.01872846031400889
2007-04-06,0.019928334935919167
2007-04-13,0.019761057439500105
2007-04-20,0.018985893604924704
2007-04-27,0.021005098711042388
2007-05-04,0.017686927576834478
2007-05-11,0.029622843563715914
2007-05-18,0.02143106131506746
2007-05-25,0.02506102341502009
2007-06-01,0.023437919402817444
2007-06-08,0.02503566910530978
2007-06-15,0.018207496241876328
2007-06-22,0.021978459131924144
2007-06-29,0.025229844801348832
2007-07-06,0.02333936125835847
2007-07-13,0.02560580954044432
2007-07-20,0.024130861742174353
2007-07-27,0.02194949906501201
2007-08-03,0.019293556843841625
2007-08-10,0.04341859651838621
2007-08-17,0.05922738124280867
2007-08-24,0.0537303304146364
2007-08-31,0.05266312032138202
2007-09-07,0.03734818842806481
2007-09-14,0.031066282693056706
2007-09-21,0.028463118382228342
2007-09-28,0.02853730268183522
2007-10-05,0.029925740519646648
2007-10-12,0.028375238403628912
2007-10-19,0.03133425553277549
2007-10-26,0.030091318789491884
2007-11-02,0.023765501177014065
2007-11-09,0.025561877943639955
2007-11-16,0.02997885064585889
2007-11-23,0.03352338950984689
2007-11-30,0.03319300714243856
2007-12-07,0.04288003671873523
2007-12-14,0.044332638307325443
2007-12-21,0.041040010193366096
2007-12-28,0.039821050184073795
2008-01-04,0.03191765563312442
2008-01-11,0.044606401981613135
2008-01-18,0.05503680989899894
2008-01-25,0.06678353926889756
2008-02-01,0.07264235958013983
2008-02-08,0.06395112492366291
2008-02-15,0.05559232211471711
2008-02-22,0.038104629444370194
2008-02-29,0.029953049860298016
2008-03-07,0.032950519770245566
2008-03-14,0.03506222721301948
2008-03-21,0.04960029002480716
2008-03-28,0.051195942432333774
2008-04-04,0.05277721158170494
2008-04-11,0.057420080122802655
2008-04-18,0.041590510198104905
2008-04-25,0.05077222764828461
2008-05-02,0.05762117692749164
2008-05-09,0.06602498029364624
2008-05-16,0.0649501163354848
2008-05-23,0.05408724834273279
2008-05-30,0.047753063368455945
2008-06-06,0.06110259451113795
2008-06-13,0.05932577663002194
2008-06-20,0.05615129840979159
2008-06-27,0.059524343620332515
2008-07-04,0.07220752789715318
2008-07-11,0.08336050110348431
2008-07-18,0.0899973962592868
2008-07-25,0.10177934216423346
2008-08-01,0.09298566106518502
2008-08-08,0.10456147431790806
2008-08-15,0.07369169892048086
2008-08-22,0.05541361361089334
2008-08-29,0.06041803689557549
2008-09-05,0.04388834046234341
2008-09-12,0.03653518995116752
2008-09-19,0.03727363545723816
2008-09-26,0.03864224498908768
2008-10-03,0.03236803873854012
2008-10-10,0.028298390398900607
2008-10-17,0.043852855990044806
2008-10-24,0.03504459927065496
2008-10-31,0.03571314267290911
2008-11-07,0.0491451933199285
2008-11-14,0.05243940268693968
2008-11-21,0.057545837668313934
2008-11-28,0.07282954742632794
2008-12-05,0.07311993015630104
2008-12-12,0.08582818828928174
2008-12-19,0.09179299446107708
2008-12-26,0.06768307664650544
2009-01-02,0.08235624843251493
2009-01-09,0.07379054920593683
2009-01-16,0.07961500711906239
2009-01-23,0.08712248842266458
2009-01-30,0.08502020064749599
2009-02-06,0.06582941073853416
2009-02-13,0.06782857139149724
2009-02-20,0.05037006796613573
2009-02-27,0.055963059482885893
2009-03-06,0.05210266398106651
2009-03-13,0.053328100504217366
2009-03-20,0.060383422215579234
2009-03-27,0.05905434879696543
2009-04-03,0.06000880147503637
2009-04-10,0.06358004497796683
2009-04-17,0.07147018874445119
2009-04-24,0.07160431148510787
2009-05-01,0.08051906403660941
2009-05-08,0.09551959887217301
2009-05-15,0.1018596911201326
2009-05-22,0.10430468571535166
2009-05-29,0.1133325556206039
2009-06-05,0.08786400824780695
2009-06-12,0.09275294494633624
2009-06-19,0.05667696978522954
2009-06-26,0.045736947331457126
2009-07-03,0.048670633132465446
2009-07-10,0.03882868411236415
2009-07-17,0.043241179827740214
2009-07-24,0.05452882071830943
2009-07-31,0.057190689334097794
2009-08-07,0.051574960043291034
2009-08-14,0.04950700257462045
2009-08-21,0.04215822325739546
2009-08-28,0.04232067194631847
2009-09-04,0.05650805415390858
2009-09-11,0.04823976172360891
2009-09-18,0.05532272353087808
2009-09-25,0.07224061002929685
2009-10-02,0.06597681685463343
2009-10-09,0.06710138464183801
2009-10-16,0.0838195970693652
2009-10-23,0.10053961648183862
2009-10-30,0.07820559457135695
2009-11-06,0.0805137724169858
2009-11-13,0.058376626600111545
2009-11-20,0.05333555113036229
2009-11-27,0.05406224973219971
2009-12-04,0.051456274086023525
2009-12-11,0.04526310180806277
2009-12-18,0.05005937131983018
2009-12-25,0.04845885072075675
2010-01-01,0.05415349965405816
2010-01-08,0.049214640219911995
2010-01-15,0.0434371071321804
2010-01-22,0.04130531128872497
2010-01-29,0.04020105317918324
2010-02-05,0.035675893127255213
2010-02-12,0.04129850434052062
2010-02-19,0.04526025797787974
2010-02-26,0.04330841208440546
2010-03-05,0.04048471838489575
2010-03-12,0.04386060994291821
2010-03-19,0.049961533512122056
2010-03-26,0.03506661584658544
2010-04-02,0.029577786151536778
2010-04-09,0.032835823528693575
2010-04-16,0.03204490963883385
2010-04-23,0.027459871041561897
2010-04-30,0.027940451242552247
2010-05-07,0.020226128809429242
2010-05-14,0.028098148090821985
2010-05-21,0.02744947891672593
2010-05-28,0.03104707946713427
2010-06-04,0.03288109465377175
2010-06-11,0.030670555515102935
2010-06-18,0.03333635602632695
2010-06-25,0.032010014940185544
2010-07-02,0.028376308513402317
2010-07-09,0.021585677693362906
2010-07-16,0.022987856110016903
2010-07-23,0.021388562767810045
2010-07-30,0.018771610274550814
2010-08-06,0.02049926449164971
2010-08-13,0.01882240526564423
2010-08-20,0.017259439218451907
2010-08-27,0.01935358553205164
2010-09-03,0.02064712455899174
2010-09-10,0.02261706276071756
2010-09-17,0.027835505481295167
2010-09-24,0.028540204096082735
2010-10-01,0.025782387303567376
2010-10-08,0.02168478675702252
2010-10-15,0.022151635465579564
2010-10-22,0.019494558611363382
2010-10-29,0.019020483723543827
2010-11-05,0.02384641429753364
2010-11-12,0.024453656643610815
2010-11-19,0.025854618976826435
2010-11-26,0.02659166970833981
2010-12-03,0.02199003300730208
2010-12-10,0.022870567869481835
2010-12-17,0.02554994819924932
2010-12-24,0.03494680898041752
2010-12-31,0.033462415799782055
2011-01-07,0.027641901467357483
2011-01-14,0.02442400122440208
2011-01-21,0.022177085646899155
2011-01-28,0.022369705184877055
2011-02-04,0.0215929130887556
2011-02-11,0.019621051274580407
2011-02-18,0.021359717004534234
2011-02-25,0.027909909948340805
2011-03-04,0.023410444621948013
2011-03-11,0.025664788163979588
2011-03-18,0.025866424730874235
2011-03-25,0.028610297337118073
2011-04-01,0.028573134038856078
2011-04-08,0.025319057462096208
2011-04-15,0.025616055842847714
2011-04-22,0.02765437364339028
2011-04-29,0.027930473934460007
2011-05-06,0.029060415371752173
2011-05-13,0.026634164981038492
2011-05-20,0.02902114893110903
2011-05-27,0.022571429265983003
2011-06-03,0.01788639267547109
2011-06-10,0.01717683618196887
2011-06-17,0.020357169626942784
2011-06-24,0.0217857914061653
2011-07-01,0.022784283891319156
2011-07-08,0.01320119849434841
2011-07-15,0.011820972103838553
2011-07-22,0.016082462685943044
2011-07-29,0.016436924983421725
2011-08-05,0.014947037365372326
2011-08-12,0.01721520319535625
2011-08-19,0.023626572945353044
2011-08-26,0.025168450788796287
2011-09-02,0.021682857643695097
2011-09-09,0.02386920119169547
2011-09-16,0.017668298538996055
2011-09-23,0.02504923126534745
2011-09-30,0.02726653992054757
2011-10-07,0.02765784148960544
2011-10-14,0.021419845010426562
2011-10-21,0.021911157766721485
2011-10-28,0.02913821842698757
2011-11-04,0.032451737717540105
2011-11-11,0.02292215062483185
2011-11-18,0.027755064755751506
2011-11-25,0.020317510639059573
2011-12-02,0.022650875552517026
2011-12-09,0.026766743087883522
2011-12-16,0.025925809249362518
2011-12-23,0.025436235265453945
2011-12-30,0.025769218849433784
2012-01-06,0.02902042930468513
2012-01-13,0.032774472428539564
2012-01-20,0.03469615374119404
2012-01-27,0.03839465547154439
2012-02-03,0.035729906088357646
2012-02-10,0.02896624631788389
2012-02-17,0.03334191536886426
2012-02-24,0.03169123619812468
2012-03-02,0.03009235884613007
2012-03-09,0.03015756332466381
2012-03-16,0.02496612114017121
2012-03-23,0.025809202877169354
2012-03-30,0.02959633078384756
2012-04-06,0.02637653614711656
2012-04-13,0.028023356884037103
2012-04-20,0.028946142097577322
2012-04-27,0.029163785241744743
2012-05-04,0.031016631944999085
2012-05-11,0.0330589825093338
2012-05-18,0.03084852615653609
2012-05-25,0.030395111601736094
2012-06-01,0.03614632027717266
2012-06-08,0.03550812575688993
2012-06-15,0.041381524319738856
2012-06-22,0.04765445246839006
2012-06-29,0.044247034555451224
2012-07-06,0.04258762196582435
2012-07-13,0.04301684929824237
2012-07-20,0.043352256821781864
2012-07-27,0.03392840237698315
2012-08-03,0.03494393561385324
2012-08-10,0.0522689054509395
2012-08-17,0.04464978140753829
2012-08-24,0.045644518467710504
2012-08-31,0.04397267510492987
2012-09-07,0.03888245240001486
2012-09-14,0.04544480744104279
2012-09-21,0.04195206062887067
2012-09-28,0.043533254142966625
2012-10-05,0.039509750514427074
2012-10-12,0.034564849760497604
2012-10-19,0.03675312972899868
2012-10-26,0.03758224550063251
2012-11-02,0.048322152751465064
2012-11-09,0.04638486822210734
2012-11-16,0.04044452705154379
2012-11-23,0.041445047024777956
2012-11-30,0.039596308178221386
2012-12-07,0.04424589611895258
2012-12-14,0.04059279586342508
2012-12-21,0.04096638819019509
2012-12-28,0.044342776278582755
2013-01-04,0.03826727535536697
2013-01-11,0.03895145577392638
2013-01-18,0.04012869665701947
2013-01-25,0.04563570366773996
2013-02-01,0.039073438598533704
2013-02-08,0.036119346435243734
2013-02-15,0.03431523709078466
2013-02-22,0.03361386574012374
2013-03-01,0.03183101156592991
2013-03-08,0.03383017404778732
2013-03-15,0.035521722168303814
2013-03-22,0.032750761717324064
2013-03-29,0.03119774983864232
2013-04-05,0.029715792763418764
2013-04-12,0.023564153259071678
2013-04-19,0.024124519537209045
2013-04-26,0.02528425380231753
2013-05-03,0.023084727750115684
2013-05-10,0.024908092289036468
2013-05-17,0.026635623280408173
2013-05-24,0.029606163425483632
2013-05-31,0.02390812768624854
2013-06-07,0.021051090086448808
2013-06-14,0.02293931699635639
2013-06-21,0.025066616691788286
2013-06-28,0.027042930338814046
2013-07-05,0.02388924173634131
2013-07-12,0.025001172830924616
2013-07-19,0.019817515593077373
2013-07-26,0.022067392545353115
2013-08-02,0.02103346766025193
2013-08-09,0.0210719261906216
2013-08-16,0.020741419464185958
2013-08-23,0.021412329247401468
2013-08-30,0.025194893825270154
2013-09-06,0.021835821792814313
2013-09-13,0.028502878837835404
2013-09-20,0.02649010798256747
2013-09-27,0.024366087045477734
2013-10-04,0.026943953604269495
2013-10-11,0.027807486840432126
2013-10-18,0.02001378842370355
2013-10-25,0.020768684595425486
2013-11-01,0.02741255342514836
2013-11-08,0.02061824314329091
2013-11-15,0.021738594399348787
2013-11-22,0.018661716312356236
2013-11-29,0.01931509315686185
2013-12-06,0.02119012122204475
2013-12-13,0.022130574625763705
2013-12-20,0.02406810511844872
2013-12-27,0.024658117344259916
2014-01-03,0.023886684621884223
2014-01-10,0.02411456207227825
2014-01-17,0.025172155014169584
2014-01-24,0.03742359815043213
2014-01-31,0.038633415783697764
2014-02-07,0.031474245938360776
2014-02-14,0.03009253691580952
2014-02-21,0.02470741698040239
2014-02-28,0.024049985316900446
2014-03-07,0.03130180923476867
2014-03-14,0.035858657113307026
2014-03-21,0.047075687411319816
2014-03-28,0.03995428555196418
2014-04-04,0.052296959008582354
2014-04-11,0.039228332294373496
2014-04-18,0.04236061182935911
2014-04-25,0.0341356357492671
2014-05-02,0.024945646639591312
2014-05-09,0.020922924236891176
2014-05-16,0.026099957129584683
2014-05-23,0.019850552456494693
2014-05-30,0.023336661275192794
2014-06-06,0.020195220722799945
2014-06-13,0.020447097679051143
2014-06-20,0.019231081470428436
2014-06-27,0.020241637532503822
2014-07-04,0.0220352830096392
2014-07-11,0.02080678992671648
2014-07-18,0.01952972864697647
2014-07-25,0.019957800231870527
2014-08-01,0.018891875249098217
2014-08-08,0.02211222806022737
2014-08-15,0.019356963179554112
2014-08-22,0.01990956348290715
2014-08-29,0.02051709157677136
2014-09-05,0.017246270380105573
2014-09-12,0.018131674935623607
2014-09-19,0.016847357228413393
2014-09-26,0.017794879657841375
2014-10-03,0.014804227805570388
2014-10-10,0.018810229377163604
2014-10-17,0.022900639745122194
2014-10-24,0.019777752656063494
2014-10-31,0.018461385393676828
2014-11-07,0.01653902707153207
2014-11-14,0.016005564352937724
2014-11-21,0.021372598076910776
2014-11-28,0.025085919937625947
2014-12-05,0.023772572187612688
2014-12-12,0.021690146962616064
2014-12-19,0.02358535287188926
2014-12-26,0.038037082626798606
2015-01-02,0.046916592812803665
2015-01-09,0.06486440909265469
2015-01-16,0.04038690462634702
2015-01-23,0.04825872129667063
2015-01-30,0.0540461316134736
2015-02-06,0.060244351486991726
2015-02-13,0.06479818802063045
2015-02-20,0.0659016561087915
2015-02-27,0.06375304455829969
2015-03-06,0.053127171586060846
2015-03-13,0.0540529090161112
2015-03-20,0.06027527591071461
2015-03-27,0.06075127688005728
2015-04-03,0.06480479681684922
2015-04-10,0.07038111253361382
2015-04-17,0.08130133170030143
2015-04-24,0.07564743251743787
2015-05-01,0.07382173426507223
2015-05-08,0.06841978472570517
2015-05-15,0.060088510350442936
2015-05-22,0.0653415796829813
2015-05-29,0.0514144443230973
2015-06-05,0.061462827601303394
2015-06-12,0.059725119279713
2015-06-19,0.06040068648210846
2015-06-26,0.06423644990912077
2015-07-03,0.05927526615261815
2015-07-10,0.0587853478127338
2015-07-17,0.06371280729163903
2015-07-24,0.05978429558737911
2015-07-31,0.062397250450720566
2015-08-07,0.060994698857077874
2015-08-14,0.05895069805305967
2015-08-21,0.06258142303458313
2015-08-28,0.06851830516730226
2015-09-04,0.07235254457424659
2015-09-11,0.0641212646415285
2015-09-18,0.0646064321653263
2015-09-25,0.055859952366051735
2015-10-02,0.049292907242081484
2015-10-09,0.059741762331895654
2015-10-16,0.05531464327558826
2015-10-23,0.06909735505102027
2015-10-30,0.046584693733902595
2015-11-06,0.028762709349851482
2015-11-13,0.030247427690238658
2015-11-20,0.02837439693671657
2015-11-27,0.028946882678669905
2015-12-04,0.03100595841864908
2015-12-11,0.03540595384234006
2015-12-18,0.0398369519596624
2015-12-25,0.04243879392476139
2016-01-01,0.043668921180410845
2016-01-08,0.040567071728855555
2016-01-15,0.04896065780113701
2016-01-22,0.04898725100832172
2016-01-29,0.04828024096846414
2016-02-05,0.06297571791405962
2016-02-12,0.05066631505602304
2016-02-19,0.046470493098690106
2016-02-26,0.049374660199313705
2016-03-04,0.04141946118107148
2016-03-11,0.06701113908294969
2016-03-18,0.06256116486916491
2016-03-25,0.05437706679769039
2016-04-01,0.04663826951676997
2016-04-08,0.04775378037209475
2016-04-15,0.04662029083544811
2016-04-22,0.0630786112356815
2016-04-29,0.05035425558199862
2016-05-06,0.0601553028435943
2016-05-13,0.05375827774549513
2016-05-20,0.040143995098302854
2016-05-27,0.04837250025324528
2016-06-03,0.06569844608480843
2016-06-10,0.054730168883281874
2016-06-17,0.04675721733336856
2016-06-24,0.040653585993291066
2016-07-01,0.03337438705075016
2016-07-08,0.036468573946403904
2016-07-15,0.038271963025729425
2016-07-22,0.040397024148245815
2016-07-29,0.05303080148868705
2016-08-05,0.0555341142087481
2016-08-12,0.05144006414507465
2016-08-19,0.04728883723942329
2016-08-26,0.03338442611927918
2016-09-02,0.029131560200165548
2016-09-09,0.026613420231600605
2016-09-16,0.025481344071038595
2016-09-23,0.025834900331324514
2016-09-30,0.030431158636274047
2016-10-07,0.03375361939100015
2016-10-14,0.031173242476926974
2016-10-21,0.03556637751044306
2016-10-28,0.03138602894868432
2016-11-04,0.027108820360548652
2016-11-11,0.03580140562966727
2016-11-18,0.037547649842004906
2016-11-25,0.02844690077022618
2016-12-02,0.030780505906370312
2016-12-09,0.03408017463058734
2016-12-16,0.034701636352318994
2016-12-23,0.033536612715894365
2016-12-30,0.03989089937402678
2017-01-06,0.03358085619890151
2017-01-13,0.040420221641955356
2017-01-20,0.03559846308056329
2017-01-27,0.03263643313235624
2017-02-03,0.027226682023724004
2017-02-10,0.028817827327269466
2017-02-17,0.027531460586031932
2017-02-24,0.030615951754493918
2017-03-03,0.03245828096052465
2017-03-10,0.023840240800143755
2017-03-17,0.027713160780775854
2017-03-24,0.02455969263271123
2017-03-31,0.040313417255536825
2017-04-07,0.04794485069954422
2017-04-14,0.04225714264910349
2017-04-21,0.03116032183188719
2017-04-28,0.026998933769240657
2017-05-05,0.027860506244344253
2017-05-12,0.025956956614660017
2017-05-19,0.030837667326900617
2017-05-26,0.045880618223534494
2017-06-02,0.05620520036029446
2017-06-09,0.05482634874154011
2017-06-16,0.04590461126523998
2017-06-23,0.047175824576040574
2017-06-30,0.04425625688743354
2017-07-07,0.03768650690954933
2017-07-14,0.0425836765203823
2017-07-21,0.04881593006805855
2017-07-28,0.047908139728866844
2017-08-04,0.05429496653382355
2017-08-11,0.04734304896017553
2017-08-18,0.04476605663187163
2017-08-25,0.046688384301507686
2017-09-01,0.0525944787303459
2017-09-08,0.05369941509555885
2017-09-15,0.05955420182140059
2017-09-22,0.06352039148987723
2017-09-29,0.05247533140854979
2017-10-06,0.04646834095406237
2017-10-13,0.025177052698198164
2017-10-20,0.02979093354535635
2017-10-27,0.026096401205881387
2017-11-03,0.03402829499778914
2017-11-10,0.037770330959230713
2017-11-17,0.04251513248413133
2017-11-24,0.03780876027550368
2017-12-01,0.04740639403789944
2017-12-08,0.0417452804748278
2017-12-15,0.04122139737802687
2017-12-22,0.04308210355554719
2017-12-29,0.036156078958203025
2018-01-05,0.03636473835316831
2018-01-12,0.035419921710578006
2018-01-19,0.03357830161557457
2018-01-26,0.03124755172214906
2018-02-02,0.029242245384989388
2018-02-09,0.03020831623984733
2018-02-16,0.030210889163061135
2018-02-23,0.02703965024502116
2018-03-02,0.025737437964689813
2018-03-09,0.02943599874435201
2018-03-16,0.0319606245415474
2018-03-23,0.031726463010240895
2018-03-30,0.031007211157327467
2018-04-06,0.030715541184701448
2018-04-13,0.027926791591259194
2018-04-20,0.030069852355265304
2018-04-27,0.03476702991436313
2018-05-04,0.02948553476067968
2018-05-11,0.03314366860065951
2018-05-18,0.04470030456690424
2018-05-25,0.03293683376780986
2018-06-01,0.029719485267788275
2018-06-08,0.035063458449452765
2018-06-15,0.03663181937690375
2018-06-22,0.037727747842791697
2018-06-29,0.04518725171590325
2018-07-06,0.04480722357061421
2018-07-13,0.03954384097706901
2018-07-20,0.036195175894670334
2018-07-27,0.03246648400787278
2018-08-03,0.033111253582539066
2018-08-10,0.03427955001885532
2018-08-17,0.03618527687566708
2018-08-24,0.02745781580635313
2018-08-31,0.022812863922276737
2018-09-07,0.027947647295152783
2018-09-14,0.027907435434738177
2018-09-21,0.030790112469057274
2018-09-28,0.0266905781574364
2018-10-05,0.027430761457061182
2018-10-12,0.028947922220238228
2018-10-19,0.02737394665461859
2018-10-26,0.028667146376907322
2018-11-02,0.03221752547542411
2018-11-09,0.03523579193215566
2018-11-16,0.03298350792073907
2018-11-23,0.03306955086137855
2018-11-30,0.027621387721076637
2018-12-07,0.03469374561031889
2018-12-14,0.03292162201125803
2018-12-21,0.029819620634478936
2018-12-28,0.030883687061905415
2019-01-04,0.032968147770227434
2019-01-11,0.03664481724893061
2019-01-18,0.03984317232224863
2019-01-25,0.03589602175864245
2019-02-01,0.03558994290422281
2019-02-08,0.035112365684192785
2019-02-15,0.0337012593295559
2019-02-22,0.03081107355671115
2019-03-01,0.0262000885349383
2019-03-08,0.029571527609861207
2019-03-15,0.0308582978202891
2019-03-22,0.03656896783038749
2019-03-29,0.03401808943423246
2019-04-05,0.04033465451425308
2019-04-12,0.03481697418641409
2019-04-19,0.0370891329384241
2019-04-26,0.032396296555329905
2019-05-03,0.027841464058391125
2019-05-10,0.025660438875923557
2019-05-17,0.02315177041019994
2019-05-24,0.03073476813296498
2019-05-31,0.04071665054514603
2019-06-07,0.03581259496130422
2019-06-14,0.03907320475634343
2019-06-21,0.04541669243557972
2019-06-28,0.050427239118070816
2019-07-05,0.0460043596770392
2019-07-12,0.047657702947680604
2019-07-19,0.032095895552589154
2019-07-26,0.033158713702461366
2019-08-02,0.03662493576532978
2019-08-09,0.028135011066104512
2019-08-16,0.032625194304360366
2019-08-23,0.036770080028236715
2019-08-30,0.04091991445372793
2019-09-06,0.05281444525083853
2019-09-13,0.05825298008061975
2019-09-20,0.05526553831673402
2019-09-27,0.049637531975974106
2019-10-04,0.04097360275430635
2019-10-11,0.03140453765033149
2019-10-18,0.02967569294950903
2019-10-25,0.030619722852685965
2019-11-01,0.03173325742765429
2019-11-08,0.033582305733269716
2019-11-15,0.039990425276275846
2019-11-22,0.029791261785031532
2019-11-29,0.030227449863717018
2019-12-06,0.02615406759670054
2019-12-13,0.02670885892855661
2019-12-20,0.029457992503066428
2019-12-27,0.028510789311810045
2020-01-03,0.025452521477062978
2020-01-10,0.023778618137495086
2020-01-17,0.02429726943322253
2020-01-24,0.023365099550884894
2020-01-31,0.024629235591562895
2020-02-07,0.0233556221280477
2020-02-14,0.02515317508357853
2020-02-21,0.032997573338620315
2020-02-28,0.03263112753538264
2020-03-06,0.032629985898246575
2020-03-13,0.03543236338229749
2020-03-20,0.04029534304165287
2020-03-27,0.03767157149611298
2020-04-03,0.043889614005805475
2020-04-10,0.040854501220361515
2020-04-17,0.05189104334302144
2020-04-24,0.03427485530078431
2020-05-01,0.044080026201837666
2020-05-08,0.035382429186533074
2020-05-15,0.030736965130603425
2020-05-22,0.03608513646181863
2020-05-29,0.027337824476243555
2020-06-05,0.04743866417038118
2020-06-12,0.04522425611430654
2020-06-19,0.046877167028284844
2020-06-26,0.04227440364062417
2020-07-03,0.035421583738785845
2020-07-10,0.03757413984188149
2020-07-17,0.04943798893165184
2020-07-24,0.044567609734514985
2020-07-31,0.04280890944726685
2020-08-07,0.044541500809904454
2020-08-14,0.043728057757559544
2020-08-21,0.05010231790329977
2020-08-28,0.05011765876763777
2020-09-04,0.04965150436634251
2020-09-11,0.04587816339125832
2020-09-18,0.04662599789197097
2020-09-25,0.04756613387035615
2020-10-02,0.04601758437762403
2020-10-09,0.047544120329850115
2020-10-16,0.04366905450872319
2020-10-23,0.047689140907235736
2020-10-30,0.049198775080550816
2020-11-06,0.047782984730753666
2020-11-13,0.07628086570032189
2020-11-20,0.0734734462896454
2020-11-27,0.07535367762658848
2020-12-04,0.07763613721444904
2020-12-11,0.05689728480553978
2020-12-18,0.05811753546510397
2020-12-25,0.05522943256562334
